especialidad,nombre_usuario
Geriatría,2015-04-12
Neumología,2015-10-17
Reumatología,2020-04-23
Cirugía plástica,2024-04-14
Cirugía plástica,2016-02-29
Medicina interna,2014-09-04
Nefrología,2017-09-20
Infectología,2024-04-27
Psiquiatría,2015-09-02
Ginecología,2023-05-11
Urología,2014-06-07
Otorrinolaringología,2022-06-02
Infectología,2023-09-29
Cardiología,2017-08-13
Dermatología,2023-01-30
Reumatología,2019-11-18
Otorrinolaringología,2019-01-11
Geriatría,2022-07-17
Reumatología,2014-08-05
Hematología,2024-05-08
Oftalmología,2019-10-24
Psiquiatría,2023-06-16
Oncología,2017-03-24
Reumatología,2023-08-06
Dermatología,2020-08-24
Nefrología,2020-04-27
Cirugía plástica,2018-07-22
Hematología,2022-01-22
Psiquiatría,2015-01-12
Cirugía plástica,2022-05-01
Oftalmología,2015-09-02
Reumatología,2023-01-18
Endocrinología,2015-09-30
Otorrinolaringología,2021-03-01
Infectología,2021-05-13
Dermatología,2014-06-13
Hematología,2017-12-18
Traumatología,2017-12-03
Otorrinolaringología,2014-12-25
Nefrología,2021-03-20
Infectología,2016-09-10
Dermatología,2018-05-03
Cirugía plástica,2018-07-28
Neurología,2022-12-12
Psiquiatría,2022-05-04
Hematología,2022-03-09
Dermatología,2020-11-14
Neumología,2017-11-21
Oftalmología,2020-02-14
Cirugía plástica,2014-11-10
Reumatología,2021-09-23
Oftalmología,2015-03-19
Oncología,2024-04-06
Endocrinología,2015-10-31
Nefrología,2014-12-17
Urología,2019-01-25
Dermatología,2023-02-10
Reumatología,2014-12-17
Nefrología,2023-10-24
Reumatología,2016-01-18
Oftalmología,2019-07-19
Psiquiatría,2020-07-23
Oncología,2021-07-02
Neumología,2014-12-05
Hematología,2021-01-03
Pediatría,2018-06-04
Oncología,2021-11-27
Oncología,2015-03-07
Nefrología,2022-11-16
Urología,2020-12-05
Psiquiatría,2023-04-23
Urología,2018-05-02
Otorrinolaringología,2021-09-22
Traumatología,2014-06-01
Neumología,2019-01-14
Infectología,2023-11-06
Neumología,2019-01-07
Nefrología,2017-12-14
Urología,2015-04-24
Neurología,2019-06-19
Cirugía plástica,2023-04-02
Geriatría,2022-08-26
Dermatología,2022-06-28
Psiquiatría,2018-10-08
Infectología,2023-04-25
Urología,2018-12-12
Dermatología,2016-06-25
Hematología,2019-11-28
Hematología,2018-10-17
Neumología,2024-02-06
Reumatología,2014-08-11
Hematología,2022-04-07
Dermatología,2018-10-23
Cirugía general,2020-02-08
Reumatología,2023-01-08
Hematología,2014-07-18
Hematología,2021-06-16
Dermatología,2018-06-05
Reumatología,2022-05-29
Nefrología,2016-06-24
Urología,2022-11-25
Oncología,2017-10-27
Otorrinolaringología,2021-01-12
Pediatría,2017-01-12
Neumología,2017-04-09
Hematología,2015-12-21
Dermatología,2023-09-10
Endocrinología,2018-03-13
Urología,2019-08-22
Infectología,2022-01-16
Oftalmología,2022-06-03
Neurología,2015-11-03
Cardiología,2019-12-05
Cirugía plástica,2023-02-20
Neurología,2020-12-16
Infectología,2017-03-12
Reumatología,2022-04-10
Reumatología,2016-08-21
Ginecología,2018-06-30
Ginecología,2024-05-02
Hematología,2016-03-07
Traumatología,2018-06-06
Cirugía plástica,2021-05-17
Ginecología,2018-09-16
Otorrinolaringología,2017-06-22
Oftalmología,2014-10-29
Endocrinología,2018-05-12
Nefrología,2017-08-13
Traumatología,2020-07-26
Dermatología,2015-02-08
Nefrología,2019-08-29
Neumología,2015-05-27
Nefrología,2022-12-26
Hematología,2024-03-14
Cirugía plástica,2022-02-09
Reumatología,2020-04-27
Infectología,2020-09-06
Traumatología,2021-01-09
Oncología,2024-03-19
Oftalmología,2020-07-07
Oftalmología,2017-07-12
Neumología,2016-10-22
Nefrología,2014-08-18
Reumatología,2015-03-01
Endocrinología,2024-05-13
Neumología,2020-02-21
Pediatría,2015-06-18
Infectología,2021-09-04
Geriatría,2021-04-23
Urología,2018-05-04
Hematología,2022-02-28
Hematología,2022-01-30
Urología,2014-11-20
Nefrología,2020-02-17
Otorrinolaringología,2015-10-17
Traumatología,2014-08-17
Infectología,2020-05-17
Neurología,2016-12-10
Psiquiatría,2018-08-20
Otorrinolaringología,2015-08-03
Cirugía plástica,2015-05-19
Cirugía general,2023-06-26
Neumología,2019-03-30
Cardiología,2019-01-09
Otorrinolaringología,2014-09-07
Geriatría,2022-10-14
Psiquiatría,2015-07-19
Cardiología,2014-09-17
Cirugía general,2023-05-18
Neurología,2015-01-25
Oftalmología,2015-01-07
Oftalmología,2019-02-17
Oftalmología,2023-04-18
Dermatología,2020-06-08
Otorrinolaringología,2017-08-06
Psiquiatría,2022-11-27
Neumología,2017-01-10
Otorrinolaringología,2023-10-09
Urología,2019-05-02
Dermatología,2014-07-12
Cardiología,2017-03-02
Nefrología,2023-04-15
Otorrinolaringología,2018-01-02
Endocrinología,2018-08-31
Neumología,2015-07-31
Pediatría,2017-02-20
Ginecología,2018-08-14
Medicina interna,2023-07-15
Oftalmología,2016-09-25
Cirugía plástica,2021-01-06
Ginecología,2019-09-19
Ginecología,2021-12-12
Urología,2022-11-11
Reumatología,2016-06-23
Medicina interna,2022-07-25
Oftalmología,2015-03-22
Cirugía plástica,2024-02-22
Traumatología,2020-09-25
Oncología,2021-12-03
Psiquiatría,2018-05-27
Reumatología,2022-06-27
Cirugía general,2022-05-27
Cirugía general,2021-05-08
Oftalmología,2024-04-28
Reumatología,2024-05-10
Dermatología,2023-06-07
Oncología,2021-10-01
Reumatología,2016-11-10
Oncología,2019-05-01
Infectología,2018-08-06
Hematología,2021-10-13
Endocrinología,2022-07-10
Cardiología,2017-11-26
Cirugía general,2020-12-27
Traumatología,2019-11-26
Cirugía plástica,2019-08-13
Otorrinolaringología,2022-06-17
Reumatología,2020-09-30
Cirugía plástica,2015-11-15
Ginecología,2018-01-02
Reumatología,2020-05-28
Cardiología,2018-12-29
Urología,2014-10-07
Dermatología,2023-11-09
Psiquiatría,2022-05-28
Dermatología,2018-03-08
Cirugía plástica,2024-05-18
Psiquiatría,2016-05-26
Neumología,2017-05-02
Dermatología,2017-01-23
Hematología,2016-08-13
Oncología,2014-08-19
Geriatría,2017-11-07
Oftalmología,2015-09-01
Reumatología,2020-06-10
Nefrología,2021-07-18
Neurología,2024-02-07
Oftalmología,2019-02-08
Neumología,2014-12-15
Oncología,2023-02-10
Nefrología,2022-05-06
Endocrinología,2018-10-22
Reumatología,2021-12-25
Hematología,2015-01-29
Oftalmología,2015-05-26
Cirugía plástica,2019-07-26
Oftalmología,2022-10-20
Cirugía plástica,2023-09-09
Reumatología,2022-09-13
Oftalmología,2021-05-25
Traumatología,2023-10-05
Cardiología,2014-06-09
Oncología,2016-07-06
Urología,2020-11-01
Psiquiatría,2017-02-13
Oftalmología,2017-04-09
Infectología,2021-12-08
Psiquiatría,2020-12-06
Neurología,2015-10-25
Psiquiatría,2020-05-05
Infectología,2020-06-01
Cirugía general,2015-03-01
Urología,2019-01-10
Urología,2019-03-24
Psiquiatría,2015-11-14
Nefrología,2015-12-30
Dermatología,2018-06-22
Reumatología,2014-11-05
Otorrinolaringología,2019-03-14
Cirugía general,2019-04-26
Nefrología,2022-08-28
Oftalmología,2018-03-20
Neumología,2024-03-25
Otorrinolaringología,2023-03-04
Psiquiatría,2015-09-01
Hematología,2018-10-09
Hematología,2021-08-05
Otorrinolaringología,2019-07-19
Oncología,2022-03-03
Reumatología,2023-05-02
Hematología,2021-09-18
Oftalmología,2024-02-10
Cardiología,2021-12-15
Cirugía general,2021-12-31
Cirugía general,2019-08-25
Reumatología,2021-03-05
Hematología,2022-12-25
Neumología,2019-10-24
Cirugía plástica,2023-02-11
Otorrinolaringología,2017-09-01
Cirugía plástica,2014-08-25
Oftalmología,2022-12-02
Medicina interna,2018-09-22
Medicina interna,2014-09-15
Neumología,2023-01-21
Neumología,2016-09-16
Dermatología,2017-07-08
Reumatología,2014-06-13
Hematología,2022-04-06
Urología,2023-10-22
Cirugía plástica,2019-06-19
Urología,2015-06-03
Reumatología,2021-04-26
Infectología,2020-08-27
Cirugía plástica,2017-03-27
Cirugía plástica,2018-06-11
Infectología,2020-11-21
Traumatología,2015-12-13
Cirugía general,2016-01-16
Psiquiatría,2020-01-09
Reumatología,2021-06-01
Dermatología,2022-06-15
Oncología,2019-04-18
Cardiología,2016-09-06
Otorrinolaringología,2022-10-01
Cirugía plástica,2019-12-18
Hematología,2016-04-17
Psiquiatría,2014-08-19
Geriatría,2023-02-09
Oncología,2016-09-22
Psiquiatría,2019-07-17
Endocrinología,2017-02-04
Ginecología,2019-09-08
Cirugía plástica,2016-05-05
Nefrología,2022-09-10
Urología,2015-01-28
Traumatología,2016-09-13
Cardiología,2016-03-26
Neurología,2016-11-05
Psiquiatría,2022-09-10
Neurología,2016-06-13
Cardiología,2017-06-10
Psiquiatría,2017-07-11
Psiquiatría,2023-03-31
Oftalmología,2019-01-21
Dermatología,2022-05-25
Nefrología,2020-02-12
Urología,2019-11-30
Neumología,2021-11-19
Psiquiatría,2023-10-11
Oncología,2022-08-20
Reumatología,2018-03-11
Ginecología,2015-06-19
Cirugía general,2017-06-17
Cirugía plástica,2021-11-25
Cirugía plástica,2020-01-04
Traumatología,2019-11-13
Geriatría,2014-06-14
Neumología,2022-03-21
Neumología,2015-08-19
Urología,2015-05-01
Oftalmología,2014-11-24
Pediatría,2018-12-10
Cirugía plástica,2021-01-26
Neurología,2022-05-24
Urología,2018-01-06
Neumología,2021-10-26
Reumatología,2021-12-25
Cardiología,2022-05-04
Psiquiatría,2022-08-14
Cirugía plástica,2017-05-22
Neumología,2023-01-02
Cirugía general,2023-11-23
Cirugía plástica,2018-02-23
Oftalmología,2019-08-25
Neurología,2022-01-25
Neurología,2017-04-24
Psiquiatría,2024-03-23
Ginecología,2021-09-23
Cirugía plástica,2018-08-25
Reumatología,2021-06-12
Oncología,2015-08-22
Reumatología,2016-05-03
Oncología,2020-01-28
Hematología,2017-09-24
Neurología,2022-11-15
Dermatología,2016-01-31
Reumatología,2022-10-19
Cardiología,2015-05-03
Traumatología,2021-07-25
Psiquiatría,2022-04-05
Oncología,2018-10-24
Cardiología,2015-04-24
Cirugía general,2016-04-25
Neumología,2019-08-31
Geriatría,2014-11-20
Neumología,2020-11-08
Hematología,2021-02-27
Cardiología,2023-06-29
Oncología,2017-11-10
Psiquiatría,2019-08-08
Neumología,2015-04-11
Neurología,2021-05-07
Cirugía plástica,2023-04-13
Cardiología,2018-10-29
Infectología,2017-11-14
Oncología,2014-08-29
Otorrinolaringología,2021-09-25
Neurología,2017-06-03
Infectología,2019-03-28
Oftalmología,2024-01-05
Infectología,2021-09-25
Pediatría,2016-10-11
Reumatología,2017-07-04
Psiquiatría,2020-10-02
Urología,2016-10-04
Otorrinolaringología,2014-06-26
Hematología,2018-08-25
Urología,2016-07-10
Cirugía plástica,2022-04-16
Hematología,2018-12-23
Neurología,2014-07-18
Oncología,2022-05-16
Ginecología,2022-11-26
Endocrinología,2022-12-21
Cirugía plástica,2018-02-12
Neurología,2021-04-25
Reumatología,2015-11-02
Oftalmología,2019-01-26
Otorrinolaringología,2017-02-12
Hematología,2015-04-01
Otorrinolaringología,2014-09-25
Cardiología,2021-08-28
Nefrología,2018-02-22
Reumatología,2014-08-10
Oftalmología,2020-01-16
Otorrinolaringología,2022-03-22
Oftalmología,2019-10-21
Cirugía plástica,2024-05-15
Traumatología,2017-01-26
Cardiología,2024-02-06
Oftalmología,2018-06-06
Infectología,2024-03-03
Cirugía plástica,2015-05-30
Reumatología,2024-02-07
Cirugía general,2022-03-29
Otorrinolaringología,2019-03-26
Urología,2016-09-12
Reumatología,2017-07-17
Otorrinolaringología,2015-12-28
Traumatología,2019-03-03
Otorrinolaringología,2019-08-17
Cirugía general,2016-11-20
Dermatología,2022-12-18
Cirugía general,2020-06-29
Hematología,2015-01-18
Cirugía plástica,2017-04-23
Cirugía plástica,2023-11-27
Reumatología,2023-11-24
Cirugía plástica,2019-09-04
Infectología,2023-02-18
Traumatología,2018-11-16
Oftalmología,2021-12-19
Infectología,2023-06-02
Cirugía plástica,2020-01-10
Urología,2023-12-01
Dermatología,2020-03-11
Otorrinolaringología,2016-01-18
Dermatología,2020-12-27
Cirugía general,2019-01-20
Otorrinolaringología,2021-06-21
Reumatología,2018-04-21
Cardiología,2016-11-01
Infectología,2017-08-05
Geriatría,2021-03-16
Reumatología,2020-02-25
Pediatría,2021-10-15
Oftalmología,2016-04-08
Hematología,2016-02-21
Cardiología,2015-11-18
Reumatología,2014-12-05
Psiquiatría,2014-09-28
Reumatología,2016-06-23
Reumatología,2024-05-10
Neumología,2019-03-24
Reumatología,2015-11-16
Reumatología,2023-07-18
Cardiología,2021-09-26
Reumatología,2024-05-14
Infectología,2014-11-22
Cardiología,2016-05-14
Neumología,2017-11-26
Hematología,2016-12-05
Geriatría,2022-05-04
Hematología,2018-03-28
Hematología,2019-08-03
Infectología,2021-11-26
Neurología,2023-07-11
Reumatología,2022-04-22
Psiquiatría,2016-11-15
Hematología,2020-05-08
Ginecología,2015-09-12
Oftalmología,2022-12-30
Reumatología,2023-08-29
Cardiología,2022-03-22
Neumología,2024-05-04
Oftalmología,2022-02-26
Cirugía plástica,2018-05-13
Nefrología,2014-07-14
Cardiología,2024-03-18
